{"cameraMode":{"drawMode":0,"name":"Shaded","section":"Shading Mode"},"sceneLighting":false,"audioPlay":false,"sceneViewState":{"m_AlwaysRefresh":false,"showFog":true,"showSkybox":false,"showFlares":true,"showImageEffects":true,"showParticleSystems":true,"showVisualEffectGraphs":true,"m_FxEnabled":true},"in2DMode":false,"pivot":{"x":-0.5917795896530151,"y":2.020782947540283,"z":0.9929261207580566},"rotation":{"x":-0.20597322285175324,"y":0.17808189988136292,"z":0.9616419076919556,"w":0.03766560181975365},"size":1.4530556201934815,"orthographic":false}