{"cameraMode":{"drawMode":0,"name":"Shaded","section":"Shading Mode"},"sceneLighting":false,"audioPlay":false,"sceneViewState":{"m_AlwaysRefresh":false,"showFog":true,"showSkybox":false,"showFlares":true,"showImageEffects":true,"showParticleSystems":true,"showVisualEffectGraphs":true,"m_FxEnabled":true},"in2DMode":false,"pivot":{"x":0.0359552726149559,"y":0.08500111103057862,"z":0.2984777092933655},"rotation":{"x":-0.1260356605052948,"y":-0.010018372908234597,"z":0.0013118888018652797,"w":-0.992572546005249},"size":0.6339746713638306,"orthographic":false}