{"cameraMode":{"drawMode":0,"name":"Shaded","section":"Shading Mode"},"sceneLighting":false,"audioPlay":false,"sceneViewState":{"m_AlwaysRefresh":false,"showFog":true,"showSkybox":false,"showFlares":true,"showImageEffects":true,"showParticleSystems":true,"showVisualEffectGraphs":true,"m_FxEnabled":true},"in2DMode":false,"pivot":{"x":0.016544342041015626,"y":0.5689546465873718,"z":2.485504150390625},"rotation":{"x":0.017198044806718828,"y":0.9512618780136108,"z":-0.3040282428264618,"w":0.055992983281612399},"size":0.7162604928016663,"orthographic":false}