{"cameraMode":{"drawMode":0,"name":"Shaded","section":"Shading Mode"},"sceneLighting":false,"audioPlay":false,"sceneViewState":{"m_AlwaysRefresh":false,"showFog":true,"showSkybox":false,"showFlares":true,"showImageEffects":true,"showParticleSystems":true,"showVisualEffectGraphs":true,"m_FxEnabled":true},"in2DMode":false,"pivot":{"x":13.208999633789063,"y":0.4139274060726166,"z":-3.6727454662323},"rotation":{"x":-0.0015050421934574843,"y":0.9966237545013428,"z":-0.08572091907262802,"w":-0.010318734683096409},"size":1.037070393562317,"orthographic":false}