{"cameraMode":{"drawMode":0,"name":"Shaded","section":"Shading Mode"},"sceneLighting":false,"audioPlay":false,"sceneViewState":{"m_AlwaysRefresh":false,"showFog":true,"showSkybox":false,"showFlares":true,"showImageEffects":true,"showParticleSystems":true,"showVisualEffectGraphs":true,"m_FxEnabled":true},"in2DMode":false,"pivot":{"x":-17.912866592407228,"y":0.4420264661312103,"z":-0.7756535410881043},"rotation":{"x":-0.03712925314903259,"y":0.9583765268325806,"z":-0.14050084352493287,"w":-0.24659235775470735},"size":1.2559442520141602,"orthographic":false}