{"cameraMode":{"drawMode":0,"name":"Shaded","section":"Shading Mode"},"sceneLighting":false,"audioPlay":false,"sceneViewState":{"m_AlwaysRefresh":false,"showFog":true,"showSkybox":false,"showFlares":true,"showImageEffects":true,"showParticleSystems":true,"showVisualEffectGraphs":true,"m_FxEnabled":true},"in2DMode":false,"pivot":{"x":0.16077539324760438,"y":-0.07960572838783264,"z":-0.1429857760667801},"rotation":{"x":0.1191045492887497,"y":0.8519753813743591,"z":-0.22113512456417085,"w":0.4600866436958313},"size":0.2660253643989563,"orthographic":false}