{"cameraMode":{"drawMode":0,"name":"Shaded","section":"Shading Mode"},"sceneLighting":false,"audioPlay":false,"sceneViewState":{"m_AlwaysRefresh":false,"showFog":true,"showSkybox":false,"showFlares":true,"showImageEffects":true,"showParticleSystems":true,"showVisualEffectGraphs":true,"m_FxEnabled":true},"in2DMode":false,"pivot":{"x":-0.000006541609764099121,"y":0.07372033596038819,"z":1.30385160446167e-8},"rotation":{"x":-0.27465927600860598,"y":0.5255637764930725,"z":-0.18328377604484559,"w":-0.7848241925239563},"size":0.6740599870681763,"orthographic":false}